claim,dataset,seed,baseline,final_return,auc,first_success_episode,coverage,mbeta_hat,bound_residual,td_target_variance,gate_sensitivity_slope,reward_channel_dominance,critic_drift_rate
h2,FetchReach-v3,11,CCGO_adaptive,0.7406838553450636,0.7031949508061992,169.7483264715156,0.63669078769637,0.1435304573334033,0.024726158069665747,0.0956972635757196,0.9760754892668068,0.26640656848769634,0.1485802560307767
h2,FetchReach-v3,11,HER_SAC,0.6513309754939904,0.5780713567968876,176.08227071964487,0.5759030099806952,0.2743135214938772,0.03463110158597587,0.12824513527530113,0.9658229090514584,0.2754164146428941,0.26057095832427773
h2,FetchReach-v3,11,RND_fixed_beta,0.5525931871610565,0.509712329925372,178.3698911764972,0.5298830252893637,0.3061948911482296,0.027859463360546403,0.12782402441107255,0.8964758265797417,0.25022608347810904,0.2560991348083442
h2,FetchReach-v3,11,ICM_fixed_beta,0.5779449851345551,0.5273373584407908,172.33842382294694,0.5555498142624373,0.3567585371079158,0.03419989401511522,0.14044667807920894,1.0530012833608067,0.2887913069137503,0.23059453374055283
h2,FetchReach-v3,11,ACWI_style,0.6069530119703102,0.5689509148192569,180.19287661048645,0.5294625766358397,0.2920758060446668,0.024018330392843252,0.10765985153767149,0.9888504188637898,0.30183412637486573,0.2238362990557258
h2,FetchReach-v3,11,Contrastive_always_on,0.6077129414899232,0.5644384867332086,178.9642588730132,0.5680512127432291,0.33833504346672955,0.021480201604568976,0.13613929658249865,1.0221943783473413,0.2389684426857108,0.2624109030616314
h2,FetchReach-v3,11,CRL_style,0.6049915730658006,0.5876304539212339,170.165626874174,0.5734527742705271,0.29614277275976486,0.02243738311255792,0.12848596648180385,0.9726525768033432,0.2977744787103773,0.22734487480989635
h2,FetchReach-v3,11,ViSA_style,0.6267240308655503,0.5801040395685895,172.13184985168397,0.5899587147128084,0.31539632742037943,0.049711755134979885,0.10801423629559781,1.0418192268135764,0.29845205525540147,0.2416841765944097
h2,FetchReach-v3,11,ACDC_style,0.5798667013004586,0.5891437722694628,166.02957203933258,0.5850083639720425,0.32152801994304037,0.016403307119485202,0.12197482159516737,0.888354822773859,0.293321623241077,0.2914312539202396
h2,FetchReach-v3,23,CCGO_adaptive,0.7510652117777747,0.6803520121843895,162.05206007280086,0.5824319171583531,0.1544724125156328,0.008737202155491178,0.09909921217022634,1.0224175901104489,0.2689016994573525,0.2288309503114616
h2,FetchReach-v3,23,HER_SAC,0.6259702893966644,0.5692999717253214,170.15762627796522,0.625242168147164,0.2712665593329115,0.027718761961487155,0.11275485495583715,0.9437925463756452,0.2708032635413629,0.24769654937602562
h2,FetchReach-v3,23,RND_fixed_beta,0.564122878899484,0.5329058307002246,172.2991090847771,0.5526875340071827,0.3148375099879005,0.03652184899307776,0.1456002573234853,0.9263160984816302,0.29363824785899545,0.33951627049452726
h2,FetchReach-v3,23,ICM_fixed_beta,0.5401465118047809,0.49957716951576253,174.23914521052046,0.5982081394113451,0.3765267326767614,0.0250401273686948,0.1407014058847034,0.9803165001940194,0.2773488773369396,0.19662906547935716
h2,FetchReach-v3,23,ACWI_style,0.6204916795941432,0.5467892338653983,175.39404610504525,0.5704568188951172,0.33005271903345934,0.04415994789413587,0.11344663936739122,0.9616323390885675,0.31710542658186935,0.20600955107155983
h2,FetchReach-v3,23,Contrastive_always_on,0.5721542333626612,0.5525515160140412,165.50504304790576,0.5189362556068965,0.2984388449382436,0.0376697587878613,0.12438485531020206,1.0450053801351846,0.295413827606957,0.26916051760129467
h2,FetchReach-v3,23,CRL_style,0.6083264831217012,0.5870384759049132,172.18009705670084,0.5445339534754016,0.3087415257337361,0.04100008147654949,0.14516693213881146,0.9700459347955577,0.26560299151059774,0.19958872491812452
h2,FetchReach-v3,23,ViSA_style,0.5278144497056705,0.5418320331982536,176.12091130270602,0.5444340657589072,0.25757764001375605,0.03788259707848805,0.1178334249186771,0.9547297134530502,0.2715568149503572,0.24045904813188965
h2,FetchReach-v3,23,ACDC_style,0.609488881539119,0.5293096669782306,172.23729534368195,0.5527423266784796,0.31905087080500105,0.0220470264669288,0.14137411445430964,1.0225623238265618,0.3347393015913464,0.2248654387469483
h2,FetchReach-v3,47,CCGO_adaptive,0.7266712611977785,0.6779490193153278,151.00211902726852,0.5937979072358615,0.1268422129344829,0.02199411279016509,0.08265897423003664,0.948022520567344,0.23827449943911314,0.17775084569775498
h2,FetchReach-v3,47,HER_SAC,0.620091576638294,0.5918582857047919,173.6331403083097,0.606434270461306,0.30745690296626926,0.023704632473354623,0.13602476909050934,0.9058132822939982,0.2781335912536506,0.27027168127498874
h2,FetchReach-v3,47,RND_fixed_beta,0.5973098452310159,0.5537868360115206,180.26315813686654,0.5897926628186719,0.33644549962318676,0.04294972840992323,0.1255891523866371,0.8714422208756326,0.2305958443642835,0.3005335789945491
h2,FetchReach-v3,47,ICM_fixed_beta,0.573212900953149,0.5213670699060607,172.9103511571517,0.5265531975462993,0.32773719114587,0.028205892476447638,0.13037441694187935,1.0517657115203238,0.3038946183220385,0.2074604037479864
h2,FetchReach-v3,47,ACWI_style,0.6226605517629661,0.5809866248079703,174.46773035180655,0.5690756353402229,0.30905788389484873,0.03376245154006924,0.11736892950304878,1.1087269970675107,0.3125933887163457,0.2575245724136101
h2,FetchReach-v3,47,Contrastive_always_on,0.5635652966414771,0.5257480768049433,180.730948515521,0.5650881335908441,0.3317356713910786,0.024432079136418476,0.13041340404481125,0.8947486081989023,0.27924356221267416,0.25034299695131995
h2,FetchReach-v3,47,CRL_style,0.6374280967621606,0.5572497579987734,166.05413501828357,0.5906315170692492,0.3020018472741403,0.016166522445510343,0.12837205811483812,1.057380137305767,0.2732070413231845,0.24839334009439196
h2,FetchReach-v3,47,ViSA_style,0.6216182287002983,0.5817187213701066,172.61069763180208,0.562632999443754,0.3003457412161993,0.03712131854912438,0.12121620179001548,0.9264429965665081,0.3021172687323449,0.26757463272633475
h2,FetchReach-v3,47,ACDC_style,0.6188899422994738,0.5556014184271134,182.77258565475,0.6372955736322778,0.2903538591794609,0.0351439416393656,0.13066168997057817,0.8398266873646452,0.2733422890764256,0.20879965171910053
h2,FetchReach-v3,89,CCGO_adaptive,0.7297616599841732,0.6705218886157599,168.85047731757282,0.6609397372207239,0.16210993587872521,0.03336767604040303,0.095160863051316,0.9882479266094506,0.26134706575133804,0.17733561834462858
h2,FetchReach-v3,89,HER_SAC,0.6414367524449924,0.556980651329434,172.94705657006114,0.5804517619550293,0.27099195024646794,0.0334355858974615,0.0988928744878308,0.9117831792723791,0.2769676152097063,0.26258999863070476
h2,FetchReach-v3,89,RND_fixed_beta,0.5885433466165745,0.5253219751462284,171.33920900441854,0.5478697907431299,0.3509534847799395,0.04409912381864749,0.13639957353109575,1.022095815912012,0.28077609800726006,0.19725973917081638
h2,FetchReach-v3,89,ICM_fixed_beta,0.5565018852295434,0.5207244790200721,166.37990440304915,0.47227422148602,0.3416695213950672,0.04409959633687508,0.12996777900758735,1.0124684062845128,0.24045967413529176,0.2332561821372529
h2,FetchReach-v3,89,ACWI_style,0.6310245594986691,0.5591496808714231,171.7118568532167,0.5745779191903584,0.31077181068157006,0.024222746691653668,0.12620648477091378,0.9007267304206824,0.3212502855802516,0.23535562055981815
h2,FetchReach-v3,89,Contrastive_always_on,0.5987700453203053,0.5267386247427585,181.84415114610414,0.5375483697047511,0.3088869917478487,0.044151349060397124,0.12778552728547501,0.9525071897212471,0.30589277159650413,0.24894392437133872
h2,FetchReach-v3,89,CRL_style,0.572877316084242,0.563750217147106,170.70440268676194,0.5876307777052612,0.2899959103574692,0.018656016194307817,0.11654362199352043,0.8652401095526421,0.3197090759953738,0.22208565938763705
h2,FetchReach-v3,89,ViSA_style,0.6103803757151662,0.589148160932629,174.28800851992307,0.6177645922999825,0.3112011833459919,0.033283311392113386,0.12004808431936774,1.0045293731740752,0.28093629654341323,0.2792041990826661
h2,FetchReach-v3,89,ACDC_style,0.602616546912926,0.5835042989574872,169.46915214334769,0.5667718781207958,0.2952140169389721,0.029696700706200438,0.14429821769848789,1.022060192617821,0.28642857227161217,0.23080144504587144
h2,FetchReach-v3,131,CCGO_adaptive,0.738597524393104,0.7009575345686342,158.74966176689432,0.639304221007217,0.17771711310400354,0.03942702489314532,0.08698071718308291,1.0361816315190364,0.24143333016748136,0.20629696529771713
h2,FetchReach-v3,131,HER_SAC,0.628078070622302,0.5543590678601685,163.7230393959246,0.5784835875707897,0.31956011283602653,0.04304026481198929,0.1150094027580699,0.8041747220543647,0.3414091863862574,0.22805641352805542
h2,FetchReach-v3,131,RND_fixed_beta,0.5743114298047136,0.5361087067695706,177.79151133843573,0.5327883055928052,0.3551128129772593,0.02542460979645824,0.12869705635743453,1.0281814889438863,0.3251765240774244,0.30958517341537733
h2,FetchReach-v3,131,ICM_fixed_beta,0.5931928832457662,0.5406853810153683,169.17969840923416,0.5400055911457665,0.34313869236860534,0.039294477238192425,0.1353198218278288,0.982947898423131,0.2953363816531572,0.29421590182330754
h2,FetchReach-v3,131,ACWI_style,0.6002167583707638,0.5955056826203254,176.38189211387703,0.5752374066405217,0.30775461660623754,0.03654410701092481,0.11489126423499546,1.014088104888602,0.2667259846189737,0.23949516762606587
h2,FetchReach-v3,131,Contrastive_always_on,0.5829645019152254,0.5703790340095148,172.59103076042925,0.5420508474227185,0.3042726829014649,0.04219396552596003,0.13038341257235034,0.9907699478312253,0.2642449781058731,0.27962703749306667
h2,FetchReach-v3,131,CRL_style,0.6241421050502919,0.5748594538470597,165.57581536616655,0.5722416221365874,0.282221763763533,0.015613821960837878,0.10924468011465846,1.024134167259144,0.2596541984037749,0.1960181865098632
h2,FetchReach-v3,131,ViSA_style,0.6027450274524021,0.5809625537902475,179.5337703587448,0.531545038877731,0.2902644601920017,0.03833245638607567,0.12170115154687908,0.9977718095317343,0.24276844516985532,0.2050014108715043
h2,FetchReach-v3,131,ACDC_style,0.641600328999829,0.5732540912940541,173.76455383687957,0.5682243006657856,0.2927471896463217,0.02622964733580248,0.10715952799998056,0.9566812085116648,0.28338497045018307,0.25485313027019896
h2,FetchReach-v3,197,CCGO_adaptive,0.7474587767538821,0.6833709994722662,166.26504002385855,0.6158620678236564,0.15826310863083784,0.029307838527084757,0.07185698921800474,1.0005138942844238,0.2406226283324901,0.20486968273629266
h2,FetchReach-v3,197,HER_SAC,0.5849066011496845,0.5879060739473075,173.79977773686204,0.6169285153249497,0.28474503787881195,0.02458045880050161,0.126036599250299,0.9783089629965106,0.33339653122384794,0.25021467351016874
h2,FetchReach-v3,197,RND_fixed_beta,0.5586806069052309,0.55709498120254,173.7004944116525,0.5325447391030192,0.3177669069632642,0.041337032069588865,0.1315000098552364,0.9153295528574136,0.26208116454111857,0.24601415566983326
h2,FetchReach-v3,197,ICM_fixed_beta,0.5375250493991651,0.5836040415716546,177.62998318390555,0.5360072396490096,0.3780765898652813,0.04542094388691803,0.12006406582585664,0.8843380186115086,0.32523640774386453,0.2702971423141412
h2,FetchReach-v3,197,ACWI_style,0.5913210542096735,0.5997053247308539,180.75974631290495,0.5953937230822991,0.27327139457583327,0.04513239079410837,0.10526423220003221,0.9856516530712544,0.32399085871479444,0.22644962226885498
h2,FetchReach-v3,197,Contrastive_always_on,0.559305013958031,0.5212747472062896,179.63694798397833,0.6079538209557465,0.3257790437485749,0.011147318342600264,0.12744442268905595,1.0320068436272527,0.29015160207154833,0.2206422049280219
h2,FetchReach-v3,197,CRL_style,0.6327619438874641,0.5850669978240873,176.28606344443315,0.5560952586419177,0.297035332094494,0.018935035777902457,0.126091858998042,1.012513229454322,0.27976153482699034,0.24121884881165884
h2,FetchReach-v3,197,ViSA_style,0.6070801909674932,0.5662218184052862,167.39183638406888,0.5575907279473191,0.3043392008400653,0.03177533048975168,0.12363208755490167,1.084916105414238,0.2694802817402421,0.26232517746642187
h2,FetchReach-v3,197,ACDC_style,0.5871583651788788,0.6074856595498828,171.35056223955803,0.5707959178133589,0.3121191036677681,0.025489161102151617,0.12552993167209148,0.8919992788646107,0.33331533799840646,0.28221172989616217
h2,FetchPush-v3,11,CCGO_adaptive,0.7338512432359849,0.6592268620057586,163.15382724554357,0.6321796813143338,0.1503747273843413,0.05438761822184035,0.09439632531542932,1.033924698802074,0.22016700213538817,0.17680634876812096
h2,FetchPush-v3,11,HER_SAC,0.635794925204675,0.5607972812950073,166.40695366191858,0.5924640832164285,0.273042245969117,0.0362222806658201,0.11101809773856337,1.042195686861708,0.21230718274452737,0.21319680129309831
h2,FetchPush-v3,11,RND_fixed_beta,0.5430528569549953,0.5436324923448402,166.9720919091066,0.5800796282921598,0.32010391974109637,0.04561210944398668,0.13208211901721723,1.0526405013112874,0.3292458794140578,0.23726180649852638
h2,FetchPush-v3,11,ICM_fixed_beta,0.5628458735903437,0.5469702251523152,177.77158581772593,0.5828700456499011,0.3656154632555604,0.03441020556284825,0.11685356307527744,0.9775154302286623,0.336004858628975,0.24576755821447757
h2,FetchPush-v3,11,ACWI_style,0.5911667162982293,0.5566777421605842,177.07496126575427,0.6101161585402942,0.2734230004172864,0.03971538620961038,0.11948929135643885,0.876287675729244,0.31540396275652743,0.23783969172853658
h2,FetchPush-v3,11,Contrastive_always_on,0.5684016146610671,0.5467225627952397,169.4086614057818,0.5749514829563587,0.3142262113940539,0.05441593957475279,0.13585230469672918,0.9525544261225493,0.2875358495103215,0.22105254171023334
h2,FetchPush-v3,11,CRL_style,0.6216711175053992,0.5849828902337529,161.626865878543,0.5786491382902292,0.3016365084810819,0.04047789723522737,0.11877063850399455,0.938426481533393,0.2833316332999969,0.2662253734933745
h2,FetchPush-v3,11,ViSA_style,0.6146961925773284,0.5735050463850468,171.90459428383227,0.5469794302647416,0.2745067540260798,0.03618780992580749,0.11937595406864765,1.0000265590238502,0.36230625714915593,0.20329115941672773
h2,FetchPush-v3,11,ACDC_style,0.6262806484929901,0.5467539230763582,171.99515684137572,0.5504052036784626,0.30359939184229384,0.038290270639839544,0.1292106703304348,1.111614779333253,0.2755538950916545,0.28009509731485815
h2,FetchPush-v3,23,CCGO_adaptive,0.720217572993043,0.6686442669706423,170.1275515677355,0.6578192325739785,0.16180346349459787,0.03577103791257251,0.0836353635362902,1.0179366554287206,0.23450213646502555,0.1943283265152312
h2,FetchPush-v3,23,HER_SAC,0.6219433463734091,0.549481391869621,179.15299662460995,0.5598673097447768,0.29500404129489194,0.031363211238531176,0.13532033079628797,0.9338021410345725,0.2706461543059025,0.25013307379676475
h2,FetchPush-v3,23,RND_fixed_beta,0.5258505780360039,0.5565584288311747,185.2497823681437,0.5838042037979508,0.3463215446646838,0.03454022106884776,0.14531902227059712,1.055182143538036,0.3067786253373182,0.2551534293848695
h2,FetchPush-v3,23,ICM_fixed_beta,0.5527646625567816,0.507395356090191,184.1573757569269,0.4788386833994446,0.3404477898122153,0.03884380069674668,0.14359881184612738,1.1033162865558268,0.3247997132785544,0.24625435721704683
h2,FetchPush-v3,23,ACWI_style,0.6145625511577828,0.538767993661606,182.17963116013223,0.5633057402551179,0.2918936127501942,0.026009398995677946,0.12438638672379627,0.952505055420104,0.35469729841943737,0.22445456556358212
h2,FetchPush-v3,23,Contrastive_always_on,0.5806521548631394,0.5485609979117128,175.3696327364384,0.5576603758585813,0.31677655712715075,0.028965924995358806,0.12137839497928717,0.8758277770723887,0.2984892049932764,0.2815312905208763
h2,FetchPush-v3,23,CRL_style,0.5991383171797474,0.5608276992191242,170.90110302406413,0.560180807762833,0.2694559537646259,0.04485108032036919,0.12688999887557467,0.9301813480961377,0.29191515284619557,0.22984628182152803
h2,FetchPush-v3,23,ViSA_style,0.6007672513325064,0.5752792766315822,178.9177869518472,0.6165857238772384,0.3220586417342356,0.029311412925690575,0.1187525140886649,0.9869718251345412,0.2883502963686494,0.2224733432266542
h2,FetchPush-v3,23,ACDC_style,0.5875904942353047,0.5802654744084169,183.45080608244456,0.561204974548625,0.29228052183507,0.0295662879337581,0.11504868640029955,0.9608989761147484,0.29867332424403265,0.24355971115231934
h2,FetchPush-v3,47,CCGO_adaptive,0.708678465240699,0.6895317212592844,162.82804723735944,0.6391802558576867,0.14247336292407997,0.0342207982963172,0.09834630933846845,0.9510455311544487,0.2340017953173705,0.12600335464759704
h2,FetchPush-v3,47,HER_SAC,0.6333105948586247,0.6262096677695224,171.91620179000893,0.5356664830516208,0.26622362966653224,0.02471892896346936,0.12623353565300366,1.0217646037748433,0.26234539334022866,0.25368950751579494
h2,FetchPush-v3,47,RND_fixed_beta,0.5269057917569316,0.5175950558901089,183.5919715953099,0.5346637746310153,0.3291995221372639,0.02795417318106007,0.1341391145904041,1.0029984628599968,0.300002229227778,0.24343793958310492
h2,FetchPush-v3,47,ICM_fixed_beta,0.5691408323498448,0.5386536968753152,178.7017249218702,0.4775565246864213,0.3482240976016267,0.029774906729406348,0.13990356669240844,1.0267160552216406,0.28768626546949655,0.3179784149647351
h2,FetchPush-v3,47,ACWI_style,0.5807757818916184,0.5179098488326097,174.1150588769036,0.543536809485055,0.29587180902290894,0.023861959672276514,0.128521063564793,0.9663736130276265,0.2968382980657131,0.19526020119445406
h2,FetchPush-v3,47,Contrastive_always_on,0.5709711302040269,0.5568068843668095,165.49483901983993,0.5974104717272839,0.3154702987233451,0.02249328046547889,0.15120036226063674,1.069441984412389,0.33452290810334484,0.2565888911575463
h2,FetchPush-v3,47,CRL_style,0.6361829951730663,0.5677251703704892,169.29522039046716,0.5854952466549814,0.29840935025738036,0.03682302349879046,0.12962183613535963,0.9717103430755187,0.23383835880757795,0.28591598144347397
h2,FetchPush-v3,47,ViSA_style,0.622276333073447,0.5658565869954632,167.32900198590275,0.5720373125137819,0.29124922164943406,0.03548758853647456,0.13297381580538623,1.0636843027824985,0.32163795769029374,0.23611323214675872
h2,FetchPush-v3,47,ACDC_style,0.5837446021266305,0.5043771917067751,168.18995585837195,0.5307365615056823,0.29222608700713376,0.024220220420263356,0.11048076962164877,0.9976099871232332,0.2867263810235444,0.2898511557842391
h2,FetchPush-v3,89,CCGO_adaptive,0.7534067121632868,0.678364537384431,168.53126412984923,0.6329519274480628,0.1451899208380405,0.0253655657939769,0.08009050335494801,0.9354721972129483,0.2209766354321099,0.21096227016110058
h2,FetchPush-v3,89,HER_SAC,0.6330538354024045,0.5631167183332826,180.00043985698193,0.5639288918821508,0.29325261817804166,0.0377734883673356,0.10593681260911754,0.9107698149290553,0.23159126320166684,0.25095529388357113
h2,FetchPush-v3,89,RND_fixed_beta,0.5516619237477904,0.550896063655693,178.02636858607008,0.5515369963200661,0.353700492741834,0.057522461511045064,0.1260842347612989,0.9651352810991183,0.27015710264669274,0.25884730357287095
h2,FetchPush-v3,89,ICM_fixed_beta,0.5263908923102463,0.5243268339716926,167.93837642541422,0.5582750769583256,0.33997030476082907,0.03260654081314282,0.11658264354114227,0.9417468675569639,0.3198025829168892,0.26089434220935226
h2,FetchPush-v3,89,ACWI_style,0.6193169168615056,0.5803781186955069,173.5964489062739,0.5360043654026435,0.2866670198683976,0.03984472906688252,0.12141469028953396,0.8353313792989291,0.3082290404570378,0.2172003244391758
h2,FetchPush-v3,89,Contrastive_always_on,0.5613439293578877,0.5465722118721138,177.68879691215344,0.54297460602041,0.3187007710634642,0.046741340350603004,0.13883157361798326,0.9383212234457975,0.34078679240694604,0.21524196481745556
h2,FetchPush-v3,89,CRL_style,0.5822237290909671,0.5269198867292844,157.195759195895,0.6214894059944809,0.32037398491555635,0.029295083196940373,0.1216640131524367,0.9720524054498636,0.3042271690626148,0.21342475110755962
h2,FetchPush-v3,89,ViSA_style,0.5931270391949859,0.5927134865353924,169.68087082126965,0.6130196316502625,0.30674035061606947,0.02356849062727695,0.1247916757130142,0.9554482688337386,0.33137239091820114,0.2072807539135161
h2,FetchPush-v3,89,ACDC_style,0.6023306832761925,0.5782284719361361,173.37920274348775,0.6176337360176696,0.31151240577478573,0.048074231520723265,0.12146554873008095,0.9319352887247825,0.3137266445908101,0.24518922047240582
h2,FetchPush-v3,131,CCGO_adaptive,0.7327770331061759,0.7354522035943423,163.2733693893659,0.6694540394822887,0.142293995099117,0.021785425626087027,0.0893264692954588,0.9842588958606857,0.22250924033584688,0.16763896346263626
h2,FetchPush-v3,131,HER_SAC,0.6397447176196724,0.5636199565058784,180.1790307770772,0.49242615217641655,0.2909813599410738,0.03860274936239778,0.11863136634548783,1.09860492483495,0.2821841443512699,0.23956379109259163
h2,FetchPush-v3,131,RND_fixed_beta,0.5587690135868856,0.5453090742435586,166.39434723007602,0.5946923890815895,0.3338023294305371,0.04146723008717601,0.15045304101335646,0.9483026138744517,0.2363835947126875,0.25521215607259873
h2,FetchPush-v3,131,ICM_fixed_beta,0.5824802338042079,0.5140966086795333,179.025522700587,0.5770560951998269,0.36564480790088383,0.029737556708791434,0.1371724584964452,1.0225632456309002,0.25754961961172673,0.2658644824427677
h2,FetchPush-v3,131,ACWI_style,0.5887551746878767,0.5852199727884027,170.45050165125085,0.5482184693997806,0.29788843724579084,0.02726149865617488,0.11261189817925431,0.910321211631613,0.29289460651855354,0.2220554140470235
h2,FetchPush-v3,131,Contrastive_always_on,0.6121052077570949,0.5378762200070045,183.861291128066,0.550756825093904,0.33517692008949207,0.02600288653710281,0.13537526520010312,0.9705523604738721,0.2994135236543731,0.3013815824327485
h2,FetchPush-v3,131,CRL_style,0.5908045557996945,0.5743151999457463,162.7969835966812,0.5267575205247427,0.28675468960753164,0.02418985995187114,0.12273783713786957,0.981100693991345,0.26159722365461396,0.23535941159866003
h2,FetchPush-v3,131,ViSA_style,0.5995843101438063,0.5672854562166065,176.03073787623148,0.546030168452078,0.3122082224558576,0.027782902208895288,0.12004949188632705,0.8627343492798616,0.301707594780011,0.2823011030950505
h2,FetchPush-v3,131,ACDC_style,0.5875525281114071,0.570470805355946,175.14063640350776,0.5377543927774053,0.3008892336869946,0.036036838150956124,0.12791564376892992,1.0474316885097792,0.2732522154732097,0.18060429026982394
h2,FetchPush-v3,197,CCGO_adaptive,0.7619254926051195,0.6806341219676245,158.22075368719985,0.6293248986440372,0.14326059188211432,0.03382923237490871,0.09267008148463893,0.9762971660649494,0.25152044401647233,0.19666480048359022
h2,FetchPush-v3,197,HER_SAC,0.5833896525657112,0.5522715245935766,176.9874105352588,0.6094511383964599,0.2929791867244754,0.027754568773432586,0.1221837899376301,0.9105260957667882,0.2330491843851802,0.19094344307327576
h2,FetchPush-v3,197,RND_fixed_beta,0.5704650621949814,0.5586922977557605,178.465125007245,0.543581262739319,0.3455941512059283,0.04062914042740677,0.1362092489610082,0.8936974658307297,0.34658661495855525,0.2589297712668887
h2,FetchPush-v3,197,ICM_fixed_beta,0.5562878831418512,0.5654289021892158,169.24042035010817,0.48373955524672235,0.3353593643708264,0.019185803093677796,0.1285535278979824,0.950506977946584,0.26597951507835316,0.2968567933516278
h2,FetchPush-v3,197,ACWI_style,0.5712302071980185,0.5606649043549862,169.36210172475438,0.5775312080965731,0.3060905888248163,0.030614526890574235,0.12662272945462655,1.0380636025936516,0.27669032378219166,0.2287866019500406
h2,FetchPush-v3,197,Contrastive_always_on,0.5950168904460378,0.5706464726890071,182.20861987125204,0.5684325001935329,0.33440152933325257,0.03312069963125883,0.11772816846436261,0.8030012909027436,0.2771115070892882,0.27194917475405755
h2,FetchPush-v3,197,CRL_style,0.6401703238093505,0.5656728121949489,173.11912036448356,0.515383729876865,0.27659163008345516,0.007890001929031394,0.11883741852285357,0.9835800061662654,0.31823401700255416,0.2654842414480474
h2,FetchPush-v3,197,ViSA_style,0.5905582929704499,0.5673188269662321,179.43997979235522,0.5367211798944755,0.2988226794058515,0.02773822927314976,0.13358001309349352,0.8838311604186335,0.2757496515698286,0.2551965655151735
h2,FetchPush-v3,197,ACDC_style,0.6039425975947137,0.538917560219955,170.6660943290672,0.5852069553808051,0.2786369639748527,0.03395267443713314,0.13026803277728025,0.9712786716184771,0.2914918495597367,0.242926887046439
h2,HandReach-v1,11,CCGO_adaptive,0.7155094558478731,0.6754634675432515,155.93483558562752,0.6629411470534804,0.15711303186978753,0.01262313554783619,0.09888493343605921,1.0543499945030095,0.1746135213669678,0.19986472642535924
h2,HandReach-v1,11,HER_SAC,0.6278117199191566,0.5848593922016819,170.68902378716683,0.5576758378389046,0.27541536861968285,0.028938668560211985,0.1204256182288251,1.0385644840718873,0.3358729199263476,0.25850916108700284
h2,HandReach-v1,11,RND_fixed_beta,0.5961675894930594,0.5671088031682341,175.49476964281828,0.5582125695671557,0.3263028733189493,0.04430653593318795,0.13576003182926394,0.9693762965107984,0.32446922576588244,0.2718816660205606
h2,HandReach-v1,11,ICM_fixed_beta,0.5609616392552629,0.5260138077219986,175.89799102552323,0.5071989698824079,0.3416448859653625,0.028189792245569112,0.1394022867302275,0.9842072859325335,0.2641623415206,0.2398870415073466
h2,HandReach-v1,11,ACWI_style,0.5521798320766199,0.5780131983764878,169.63311394207332,0.5581493452119746,0.2965136301013468,0.00424593100544015,0.13125847549232747,1.0627775157004609,0.2709305012439142,0.23754449021143512
h2,HandReach-v1,11,Contrastive_always_on,0.5871708518133841,0.5339175619342377,181.56346220268156,0.4863814717123861,0.311546264791737,0.04114502584279054,0.12275416899194419,0.9823420776057324,0.27352896035930263,0.22844318683639386
h2,HandReach-v1,11,CRL_style,0.6068281320173715,0.558402031477602,166.03700987580038,0.5648644462681505,0.29087930920108873,0.01000485129595605,0.10541567322386941,0.9270051213916416,0.2849548334701853,0.16085009949777437
h2,HandReach-v1,11,ViSA_style,0.5930697333128637,0.5249718531971532,174.35932423753152,0.5590481863302554,0.3132956480871513,0.037067756020003687,0.1251264126776494,0.9344738150386374,0.24798026481048116,0.21682621932561608
h2,HandReach-v1,11,ACDC_style,0.5918757913351969,0.5545526426246282,178.98507263808787,0.584222689510485,0.28661909955066456,0.04766499167261505,0.127054302022795,0.8040022102663184,0.28754495795183715,0.24074874302483038
h2,HandReach-v1,23,CCGO_adaptive,0.7384327079144573,0.661203500526805,156.90487939644302,0.639037970341216,0.15970838629303752,0.035313251653661185,0.09172253580105237,1.0011507065966883,0.2773501205043928,0.19758329775522174
h2,HandReach-v1,23,HER_SAC,0.6226387902211435,0.5610035683446237,183.47027283993148,0.5682262175951563,0.2537426859873578,0.020506824841330467,0.11233810111605366,1.0076398793306731,0.29657638794178126,0.2076561014894241
h2,HandReach-v1,23,RND_fixed_beta,0.542827158988435,0.5465202208514056,172.57411497852013,0.534187376383515,0.33141552358587223,0.0046829510363782315,0.12968265805447438,1.1030682039677562,0.3572543473416778,0.23699729381996376
h2,HandReach-v1,23,ICM_fixed_beta,0.5709038307046991,0.5178416416336209,174.57518338978957,0.49524855444630056,0.34355416129760047,0.019100939485347176,0.14072855313171115,0.9810674874796991,0.2739267786806798,0.2490276761343547
h2,HandReach-v1,23,ACWI_style,0.6286093464224484,0.5591054910598482,172.4991017051986,0.608674851506284,0.31247157463449343,0.04090001380901129,0.129668950554453,0.9836042944909409,0.2612752858333707,0.21666162773473574
h2,HandReach-v1,23,Contrastive_always_on,0.5562840013383407,0.5581452208292915,186.57202411938698,0.5624787519064613,0.3301959414419843,0.02953926200720376,0.13720527026946563,0.8592794218935504,0.26638716234501036,0.2773462437513839
h2,HandReach-v1,23,CRL_style,0.5931301027004059,0.5286049416127614,177.53791738129735,0.5457277394535724,0.27732040219945536,0.030748225645557986,0.11799629460274809,0.996212373320027,0.2492813464016652,0.21917940673758401
h2,HandReach-v1,23,ViSA_style,0.5543204021060957,0.5460188218518615,158.28022906378928,0.5536394978027858,0.30409968862686204,0.018742087616663645,0.1152140252118748,1.051845886771459,0.28392976154423305,0.25756535316747203
h2,HandReach-v1,23,ACDC_style,0.5951182881660517,0.5817028609217916,171.38155062389802,0.5344692916005298,0.2942146172848088,0.027735859952627503,0.1292728275517162,0.9529307141838286,0.27057658784616845,0.27298276517677855
h2,HandReach-v1,47,CCGO_adaptive,0.7384690390359134,0.6580872291681026,173.65992276360132,0.6234728588795052,0.16352715445553365,0.035841006561586806,0.09148201823921234,0.9734038273752613,0.242417657768013,0.2007374577334573
h2,HandReach-v1,47,HER_SAC,0.6346470967517173,0.5687998678090351,166.60428528579962,0.5543357139452058,0.27519509534674363,0.021701176240979565,0.1038397844703862,1.1213374548393955,0.3736387462542357,0.2133293449761093
h2,HandReach-v1,47,RND_fixed_beta,0.5604243681779195,0.5363382980269176,179.55744378194268,0.5865376840978355,0.33039558576126266,0.029745674057368502,0.12774169553068582,0.8736060019566134,0.2191270423458907,0.21596764635319293
h2,HandReach-v1,47,ICM_fixed_beta,0.5621369047240524,0.5338039315301445,174.0298214068379,0.5827963751394307,0.3303750794362796,0.041228010801683444,0.13779253194835667,0.9921016287325396,0.2699604854651761,0.25698561090342537
h2,HandReach-v1,47,ACWI_style,0.5877491430491051,0.546038864735911,174.50784209249485,0.5571340917256791,0.3183260220329549,0.03992317084311628,0.1284627632574317,1.0238410346981608,0.29928774238204237,0.21628971617801945
h2,HandReach-v1,47,Contrastive_always_on,0.5925165799100822,0.5420062018691079,170.30097599444537,0.5352816887094398,0.3216589943697388,0.03194575936898872,0.12633645512417274,0.8385557443998293,0.2744902684457241,0.23438469606319676
h2,HandReach-v1,47,CRL_style,0.6094140209869615,0.5746039810016464,175.78187722772483,0.604590224162461,0.2699916962467239,0.031089833459865084,0.12017959133918284,0.9877723109759118,0.3003719692045056,0.22350195092836633
h2,HandReach-v1,47,ViSA_style,0.6143768662303913,0.5360567029575093,177.07968595650382,0.5796883672546201,0.31041542766605196,0.036864491682767744,0.12303023358672287,1.0333313813331892,0.3218393069939715,0.244887950524188
h2,HandReach-v1,47,ACDC_style,0.569134751618611,0.5331444518906397,175.19980455615632,0.5361376912642521,0.3148720304379336,0.025314347549371417,0.12420128581769913,0.9566536732263081,0.3594241029871273,0.24072628739715607
h2,HandReach-v1,89,CCGO_adaptive,0.759111590638176,0.7244872891779832,161.16314426784837,0.6294793446130461,0.15204368928265172,0.017813157438351494,0.08648777263749505,1.0179889051952846,0.2521224423920232,0.22235691498001492
h2,HandReach-v1,89,HER_SAC,0.6456328341449606,0.5986028267927023,175.0349386173145,0.6371160779364142,0.27577442746742875,0.030030571688098293,0.12222833355307228,1.0304442365291921,0.32442247106537997,0.22794440140603045
h2,HandReach-v1,89,RND_fixed_beta,0.5775044842602534,0.5361898950068114,182.67505648942648,0.5736478024578454,0.34917503667162625,0.05074293824796376,0.14679867142546524,1.031043005372591,0.28042757956860614,0.28103076924476234
h2,HandReach-v1,89,ICM_fixed_beta,0.524487820575463,0.5221991803495246,178.95785291650225,0.5336449366691851,0.3280055290324001,0.04519524586357172,0.15304665183273772,0.9854465779265693,0.28622648798537037,0.25008158648706397
h2,HandReach-v1,89,ACWI_style,0.6088036095583408,0.5602295176077738,175.88188268068905,0.5384479414219728,0.30567362200432324,0.033419517563433726,0.12783485327158783,0.900408299064359,0.2708013280082768,0.2327679549190808
h2,HandReach-v1,89,Contrastive_always_on,0.5370296701036623,0.5313039988209729,184.38080709067196,0.5750237391722712,0.3185077997787794,0.021187351074381355,0.13524548513015605,0.9619391714532171,0.29120850656836994,0.242218025181989
h2,HandReach-v1,89,CRL_style,0.6120378272181235,0.5370152979722348,174.56291443811642,0.5720556024652934,0.2998085990116936,0.02861148621378738,0.11199412963494743,0.9113198015949391,0.2870107639685269,0.27167990224489363
h2,HandReach-v1,89,ViSA_style,0.6221389295569136,0.5379567202067458,170.19915850120654,0.5796816428370685,0.3157688024022876,0.010375217596469484,0.13784738400697089,0.9345209602328054,0.28601836676868825,0.22329114407988251
h2,HandReach-v1,89,ACDC_style,0.6099141068461447,0.5668170852072119,160.59273486699303,0.5766530328843869,0.29751030877382884,0.03192353220542283,0.13224482116294656,1.0851192984560645,0.3076493106716375,0.24175221138563258
h2,HandReach-v1,131,CCGO_adaptive,0.7522988403900503,0.6976928738307103,162.58769729436005,0.6820285926227717,0.1305213806300076,0.01991511079604709,0.08689982740600152,0.8997710412029495,0.21729956505961973,0.19626062527656066
h2,HandReach-v1,131,HER_SAC,0.6213037068770096,0.6044680679140216,184.9851629907706,0.6217866484104061,0.28413437728780955,0.0267816471936578,0.12558883827483455,0.8455103215741879,0.27510682444913714,0.24165605006544347
h2,HandReach-v1,131,RND_fixed_beta,0.5653570493604057,0.5565797281247102,172.92969327876386,0.565522419474262,0.3337378440911328,0.05682319606947529,0.13870472851768179,1.126018261851394,0.2129705741938699,0.25423841456062785
h2,HandReach-v1,131,ICM_fixed_beta,0.5965094450306433,0.5124627860130235,177.90359760863083,0.5097107084657561,0.3455965827805492,0.008652338453009063,0.12471661998431051,1.061270458273571,0.2838589485661898,0.22502271498391602
h2,HandReach-v1,131,ACWI_style,0.5866074606770754,0.5359785400133418,162.6260300455113,0.5679034063392754,0.298805393694262,0.036075233397036596,0.12143939135692626,0.9282148513564391,0.3184279636370182,0.22417999377910294
h2,HandReach-v1,131,Contrastive_always_on,0.5822238186635305,0.5592061123396751,174.40523857635816,0.5765917559697915,0.30988421700963725,0.020631544588991503,0.1268607668292839,0.9997877682231491,0.29786673965359023,0.26657613381168727
h2,HandReach-v1,131,CRL_style,0.6002344235303104,0.5965305232202982,181.83015973273407,0.5809074722599135,0.29152438274619563,0.01987844344320477,0.13309798709766507,0.9200697137751813,0.3521473033758409,0.1953779981636729
h2,HandReach-v1,131,ViSA_style,0.6226155434897926,0.5637466796328636,169.79877343073616,0.5560892596994714,0.285720593463211,0.030544881256530945,0.11197499723968343,0.9544846328408415,0.3270603996622723,0.26698827270427594
h2,HandReach-v1,131,ACDC_style,0.598613356563016,0.5844587100643069,169.02010954590187,0.5837698513758546,0.29988808468934686,0.03862004002466059,0.13628183460025295,0.8970008415421892,0.3006676332539029,0.21285202238997036
h2,HandReach-v1,197,CCGO_adaptive,0.7520640656310139,0.670135573721965,164.82173119303926,0.667138714507988,0.1494800125755319,0.04232699936104048,0.08564185509918497,1.0379220173472374,0.2409000203543386,0.18291698290145988
h2,HandReach-v1,197,HER_SAC,0.6100862287461942,0.5735527318375847,170.0470849366306,0.6016018276771488,0.2803849718715052,0.02363999325013984,0.11435911149411868,1.0511888226783386,0.2958206005274587,0.16854779598459227
h2,HandReach-v1,197,RND_fixed_beta,0.5703601683182979,0.5321989074875034,173.12101176012422,0.5727420691482005,0.3330697720072691,0.04156179416208083,0.12172217714603945,0.902828403147854,0.27553266757971245,0.30055136044769154
h2,HandReach-v1,197,ICM_fixed_beta,0.571747318173502,0.5010160490187083,184.6094239649248,0.5799340006865868,0.3656873920086792,0.038638325653220826,0.13167906907582103,1.0317247740474969,0.32508798608233863,0.23551604110670757
h2,HandReach-v1,197,ACWI_style,0.6112204857496885,0.5650892874060903,172.58356936761692,0.5638953145886871,0.3163130514230407,0.036097949617387465,0.12001789059586708,1.0315247693903964,0.2650133417132092,0.25675036968648307
h2,HandReach-v1,197,Contrastive_always_on,0.562433735353774,0.578088235976469,176.82047462005505,0.585928548069694,0.31103071200777466,0.02448749014494725,0.13588718315721715,0.8972604448229928,0.32374787481195416,0.26443831532279133
h2,HandReach-v1,197,CRL_style,0.6093157663220998,0.5934280817861681,177.04097765668135,0.5881879387854981,0.27525625816062826,0.03067859528614214,0.13047632832708395,1.0706913992128677,0.3003485542866635,0.2709298326337301
h2,HandReach-v1,197,ViSA_style,0.6401028999159671,0.588403343925823,171.95764885544338,0.5763028193521602,0.3009628527720941,0.03592757468447552,0.11561040916850697,1.0610376333335385,0.2992270883451732,0.24881413913693487
h2,HandReach-v1,197,ACDC_style,0.6171547295283802,0.5441769177007856,172.56016243888243,0.586660361462152,0.30396238997060854,0.05267575727284933,0.12047497706677718,0.9997643707924534,0.30580165393650965,0.21547054689214018
h2,MiniGrid-KeyCorridor,11,CCGO_adaptive,0.7485125690446517,0.690426134248632,162.76882692340573,0.6789936379964718,0.14482743498731332,0.023365001998813053,0.10356483867989635,0.9256328086598152,0.26170831611312456,0.23231379879952083
h2,MiniGrid-KeyCorridor,11,HER_SAC,0.608717142390732,0.6105705083105615,167.73569556690302,0.5543220839027777,0.27065071280337144,0.033067570814593994,0.11964604278978862,0.8625204648611539,0.28829707380871733,0.25585195460886895
h2,MiniGrid-KeyCorridor,11,RND_fixed_beta,0.5489606895027963,0.5291790212935126,182.1842918150629,0.5569690427356927,0.33562085554423626,0.05729461107603959,0.12914206979635878,0.976234894865736,0.2654484002891149,0.27710540318811105
h2,MiniGrid-KeyCorridor,11,ICM_fixed_beta,0.5995404067468668,0.5364417060811714,177.84283445877233,0.5331442368048119,0.35243074005689723,0.03749995333767842,0.14521808923587637,0.9598548023865862,0.2786298827858663,0.23164299937842853
h2,MiniGrid-KeyCorridor,11,ACWI_style,0.6044965356277651,0.5516185564775803,175.4056745426283,0.5708477624915026,0.31067259063814845,0.044900576444519856,0.11824489555156889,1.0223928600899832,0.28710959670355435,0.2287334069924574
h2,MiniGrid-KeyCorridor,11,Contrastive_always_on,0.5626581049845022,0.5296698257365775,173.48601593498947,0.586559522386033,0.33320471413426767,0.058546568216141306,0.11230005956289918,1.15335308715533,0.30511642198194894,0.24921051162981883
h2,MiniGrid-KeyCorridor,11,CRL_style,0.6144772547557523,0.5593604616749106,166.0263527628996,0.5506320191357886,0.3145424773321084,0.03044089452648604,0.1276239829888365,0.856695483238693,0.29373260261412026,0.23325496027289158
h2,MiniGrid-KeyCorridor,11,ViSA_style,0.5826767814326426,0.5966160300465767,172.06359918140004,0.5563269724243958,0.30700927327176775,0.029003667617871334,0.13384599639511127,0.9403230690926927,0.30520470702531943,0.244454232695859
h2,MiniGrid-KeyCorridor,11,ACDC_style,0.5991971698532789,0.5702944922718828,176.54245356642699,0.5860308872191085,0.3015191181740955,0.018676554002291876,0.13021786988636228,1.0863751031217863,0.27317158811975123,0.243761194989715
h2,MiniGrid-KeyCorridor,23,CCGO_adaptive,0.7533420006542183,0.7080588782615138,175.79796237678286,0.6780209296260957,0.16236569763232167,0.024431168122747173,0.10969879559073506,1.0089827576985488,0.2583829615146867,0.1614560762199498
h2,MiniGrid-KeyCorridor,23,HER_SAC,0.6535822880260544,0.572536166047698,177.1753249179793,0.6115666505299877,0.3015648939995402,0.034262609976782564,0.09733345229154229,1.0036523136486457,0.2692632573457838,0.28847056976259783
h2,MiniGrid-KeyCorridor,23,RND_fixed_beta,0.5324793630413275,0.5036461155391855,164.85562456264077,0.6005600953155731,0.3541463679564704,0.03335872392900174,0.13566732532041287,1.034182280167009,0.25306525027706334,0.3105178313720439
h2,MiniGrid-KeyCorridor,23,ICM_fixed_beta,0.6064346547576477,0.5270196769717941,175.058144962098,0.5662108764648457,0.3484198099383965,0.04267034602053257,0.13689149885306476,0.9098850926820287,0.2957552941206432,0.24788484384063625
h2,MiniGrid-KeyCorridor,23,ACWI_style,0.5803257853846223,0.5359441412673642,174.4216717838344,0.5575082644200974,0.3026607417106984,0.024769074874788403,0.10256808718401761,1.023648682198586,0.2840519542529273,0.2971800775564443
h2,MiniGrid-KeyCorridor,23,Contrastive_always_on,0.5528136906943661,0.5545139748783455,165.91917940112492,0.5296297442176575,0.29758354580914137,0.05031989432922536,0.12151592720324378,0.854791260694947,0.31175181380783284,0.23295260542768437
h2,MiniGrid-KeyCorridor,23,CRL_style,0.5886343452792847,0.5704073731116187,179.0943494811281,0.5560696022762024,0.2812118575993276,0.004942467129841317,0.1313778206412312,1.063287128423035,0.2727256898414868,0.26948410866964356
h2,MiniGrid-KeyCorridor,23,ViSA_style,0.6263411230498025,0.5712888455664042,173.66160492336255,0.5781224294815058,0.29547428967912537,0.03915157880345265,0.14511579154522414,0.8928388091883228,0.2602888666574521,0.25684991737011453
h2,MiniGrid-KeyCorridor,23,ACDC_style,0.6291784300484818,0.5595418897301685,174.02132687660458,0.5508311540807922,0.297970792199823,0.02953964199950963,0.14418555229064942,0.9232978774829204,0.2254609241349087,0.20215089982376402
h2,MiniGrid-KeyCorridor,47,CCGO_adaptive,0.7286655600393099,0.684647250897258,149.77573719728016,0.6757122176083161,0.14287050094640683,0.02285202849119713,0.071989179806603,0.9623070769054618,0.22659045134786618,0.18225717435170538
h2,MiniGrid-KeyCorridor,47,HER_SAC,0.6147146760666922,0.566621218916432,158.13973834901384,0.5614304848231944,0.27575160136525834,0.027832975212170145,0.11707573419719539,0.9799761447795812,0.24268888011216236,0.27972074412728315
h2,MiniGrid-KeyCorridor,47,RND_fixed_beta,0.5682197859127063,0.5546603842010447,180.72830801370057,0.5522179638606837,0.3353360619304029,0.01864674644041192,0.1324620522707463,1.004511548279076,0.3010520438561961,0.2568031380247229
h2,MiniGrid-KeyCorridor,47,ICM_fixed_beta,0.6023648714417322,0.5391748875656578,170.64404401400114,0.5174222056198121,0.3558753062437135,0.030188697548362165,0.1381944027329325,0.9234313699556079,0.3304517149902055,0.23116770793261485
h2,MiniGrid-KeyCorridor,47,ACWI_style,0.5986178356613193,0.5532360337725273,175.92577075932653,0.6277407635942395,0.3134913009148241,0.0341782337109184,0.11016442035234765,1.0789443398003382,0.24680008882346097,0.2264357354389882
h2,MiniGrid-KeyCorridor,47,Contrastive_always_on,0.5779524288739118,0.5443075269861598,172.9368115528546,0.5127307063341793,0.2988625589081655,0.027351507886632022,0.12653512368628747,0.9596587023359695,0.25205003323326025,0.2588082772406742
h2,MiniGrid-KeyCorridor,47,CRL_style,0.634321565003329,0.5531344809515768,169.07287688322367,0.5799019833016293,0.2967437699652714,0.027891912278825162,0.12003545689313222,1.0562542082599957,0.36232803803415414,0.21639260386612214
h2,MiniGrid-KeyCorridor,47,ViSA_style,0.6326848742322637,0.5894604531000541,164.11553279560013,0.5419936700350114,0.2889708172675313,0.023866819793103372,0.13476907676585892,0.9890336905385324,0.26310265086864926,0.22759665863911055
h2,MiniGrid-KeyCorridor,47,ACDC_style,0.6203021727302579,0.5618258894961137,175.92736955239806,0.5699877501582322,0.32130897768464023,0.029884455402866737,0.12477815757329251,1.0237837671570602,0.28065564661419085,0.3156613882975431
h2,MiniGrid-KeyCorridor,89,CCGO_adaptive,0.7428504040233835,0.6657468933822298,164.94445758069165,0.6329198768611276,0.1651443125576758,0.04031387506212303,0.09163057034212897,0.9920369564907517,0.2705736360879923,0.19410381848473673
h2,MiniGrid-KeyCorridor,89,HER_SAC,0.6106140320601618,0.5425653659609763,166.7772274196229,0.6117326410429184,0.2708553374522932,0.033012475041063666,0.1324453556252263,0.9256108365163638,0.250237579799068,0.27728557358328576
h2,MiniGrid-KeyCorridor,89,RND_fixed_beta,0.6021082130491521,0.5170406466612323,177.12831365566188,0.5519214827361272,0.35321914301113966,0.04004084563615555,0.12776153064697093,0.9259893398876257,0.3005299849557423,0.2748776156901314
h2,MiniGrid-KeyCorridor,89,ICM_fixed_beta,0.5649774854634929,0.525870328062486,181.87657545170038,0.5232035944555926,0.34798188963663673,0.01325311178614329,0.1348908385900862,1.0643748136952962,0.2864811694856892,0.19999190030885927
h2,MiniGrid-KeyCorridor,89,ACWI_style,0.6103366157391158,0.5601421997422782,167.8594429813368,0.5407837301835211,0.2736053432367029,0.03916726245024386,0.11048559333731996,0.9489699426935039,0.25571856672099175,0.2843130568860218
h2,MiniGrid-KeyCorridor,89,Contrastive_always_on,0.5636535173646191,0.5493210838431434,180.57288307430667,0.5350875353769747,0.3121216534534292,0.05426363488578695,0.14365520971846296,0.888612206136442,0.28885182442075336,0.2796825587925887
h2,MiniGrid-KeyCorridor,89,CRL_style,0.5832529752013033,0.5553107283472737,171.38362557767778,0.5849812745315763,0.30468653163242954,0.01953642362478461,0.14853204955953436,0.9345452348447294,0.25959876065240517,0.199979494744803
h2,MiniGrid-KeyCorridor,89,ViSA_style,0.588021759242291,0.5619821460441756,179.29334480030585,0.5625551946871182,0.313956695762649,0.01736997116384667,0.12232501862185834,0.9505841692780375,0.2728597446852962,0.27249498286345075
h2,MiniGrid-KeyCorridor,89,ACDC_style,0.6325961113251748,0.5693499484827031,167.85805536401233,0.563217233322842,0.2995736284935859,0.029323756430382198,0.1253840119056547,0.9880813759872342,0.3217367797342469,0.23511764503365779
h2,MiniGrid-KeyCorridor,131,CCGO_adaptive,0.7522239313510557,0.721694910579109,165.0547679891449,0.6287604125381575,0.13340298528981318,0.026455667924820833,0.08472179403756985,1.0265510948602647,0.269250191611824,0.2148861328557905
h2,MiniGrid-KeyCorridor,131,HER_SAC,0.6271287586450532,0.5853857801589334,173.1456588229702,0.5662569477229712,0.2707877526244169,0.013495828187724643,0.11703377050025249,0.801660308982665,0.2796684059779548,0.22626706938296645
h2,MiniGrid-KeyCorridor,131,RND_fixed_beta,0.5685955266271183,0.5471485384877511,174.82639104965054,0.5440114305202932,0.33033675533138046,0.04236119952845974,0.1265677996514624,1.1081425810762002,0.30048252295708694,0.31271238717565947
h2,MiniGrid-KeyCorridor,131,ICM_fixed_beta,0.5681005768980301,0.5081751071479262,169.0949382395474,0.6064967145401374,0.33568862094192614,0.034049700202577214,0.1293412484349371,0.9918382951183444,0.2769159696636529,0.2670213062127635
h2,MiniGrid-KeyCorridor,131,ACWI_style,0.6077496744923017,0.562272079914212,181.31841066503463,0.5939173402731054,0.301454845987721,0.014906896928118415,0.12015964040491237,0.9888836557459552,0.35138907745319414,0.27418756206786005
h2,MiniGrid-KeyCorridor,131,Contrastive_always_on,0.5793328362252144,0.5436984697646289,183.4928815768504,0.5425159583168943,0.29824952566324964,0.052181583899063466,0.13024177838774062,1.0388945167767407,0.26479610490353434,0.29659679405448464
h2,MiniGrid-KeyCorridor,131,CRL_style,0.6231037677470217,0.5770171700938035,163.78574984497834,0.5925442872010221,0.2949515022757755,0.027235354938875626,0.11805661602678456,0.9729080327077111,0.25275967127190724,0.251417268213993
h2,MiniGrid-KeyCorridor,131,ViSA_style,0.5961312033515892,0.5574687280199294,167.9219309790519,0.5973646259196964,0.3043779235709632,0.031187141119546465,0.10876612791554503,0.9896417781505837,0.28971848336783124,0.28442609562906485
h2,MiniGrid-KeyCorridor,131,ACDC_style,0.5936081404286033,0.5565814711965935,168.18728396747014,0.6024541894791964,0.29936700426989304,0.024177876324541582,0.12048703913703974,1.0482832399047406,0.27611870071350186,0.23295456402920472
h2,MiniGrid-KeyCorridor,197,CCGO_adaptive,0.7752975275975162,0.6764507393791459,169.55102475354988,0.6387243430139978,0.1318317535070199,0.0356022262872974,0.09791618493776702,1.1507520237264772,0.2564446784253742,0.23904210204480902
h2,MiniGrid-KeyCorridor,197,HER_SAC,0.6442170375357607,0.5803031481569236,172.730466326262,0.599033278690766,0.29153154205678256,0.02885094437801468,0.10433965649806062,1.051774379582737,0.2613579009924854,0.2573611377156719
h2,MiniGrid-KeyCorridor,197,RND_fixed_beta,0.5495474694002815,0.5569795331893014,168.67069271940179,0.612791982422032,0.3181633178909335,0.02830284970251839,0.14520919682456457,0.9480273018198467,0.2916381284030263,0.20479614125122506
h2,MiniGrid-KeyCorridor,197,ICM_fixed_beta,0.5455996634563821,0.5742567299181653,181.8811478617276,0.52973624160445,0.32443825253688025,0.04771575357235775,0.1281595465459793,1.024215103336906,0.3339225446921019,0.2739327755447256
h2,MiniGrid-KeyCorridor,197,ACWI_style,0.6254819239802935,0.5658430815943241,173.31425982517376,0.5896030394427647,0.2892451415329283,0.027751883264415522,0.11903479905354605,1.0219834492459519,0.2919917528803634,0.2252030079178163
h2,MiniGrid-KeyCorridor,197,Contrastive_always_on,0.5769451840952987,0.550779720168013,174.78536271246702,0.592859184040678,0.3209298271044623,0.03778956669968018,0.12336350974096112,1.001829390194912,0.31887452707503194,0.21497736094523118
h2,MiniGrid-KeyCorridor,197,CRL_style,0.654157048606699,0.5620451905827124,169.3820914656657,0.5591920048582433,0.2820049608427501,0.03276053752138442,0.12324405633480598,0.9940210907485447,0.2210089308088822,0.29585625902310225
h2,MiniGrid-KeyCorridor,197,ViSA_style,0.5979671692259946,0.5750060932347704,175.83679813044589,0.5290726264629919,0.2903050003302803,0.03301308100205905,0.13691971685620186,0.9841677855076254,0.2458214506797774,0.20311532014352363
h2,MiniGrid-KeyCorridor,197,ACDC_style,0.6070097703136496,0.5329934788778383,178.6099064805442,0.5687226137768123,0.3158770107825575,0.038585851411032435,0.11645518458903953,0.9546848216584065,0.29320317906192433,0.2711203911742865
